staff_name,url,region,countries
"Adams, Professor David",https://www.gla.ac.uk/schools/socialpolitical/staff/davidadams/,Europe,Georgia
"Ahmad, Dr Sohail",https://www.gla.ac.uk/schools/socialpolitical/staff/sohailahmad/,Europe,Germany
"Ahmad, Dr Sohail",https://www.gla.ac.uk/schools/socialpolitical/staff/sohailahmad/,Latin America,
"Ahmad, Dr Sohail",https://www.gla.ac.uk/schools/socialpolitical/staff/sohailahmad/,North-East Asia,
"Ahmad, Dr Sohail",https://www.gla.ac.uk/schools/socialpolitical/staff/sohailahmad/,South Asia,
"Aliyev, Dr Huseyn",https://www.gla.ac.uk/schools/socialpolitical/staff/huseynaliyev/,Australasia,New Zealand
"Aliyev, Dr Huseyn",https://www.gla.ac.uk/schools/socialpolitical/staff/huseynaliyev/,Europe,Georgia; Moldova; Ukraine
"Aliyev, Dr Huseyn",https://www.gla.ac.uk/schools/socialpolitical/staff/huseynaliyev/,Russia,Russia; Russian Federation
"Anceschi, Professor Luca",https://www.gla.ac.uk/schools/socialpolitical/staff/lucaanceschi/,Europe,
"Anceschi, Professor Luca",https://www.gla.ac.uk/schools/socialpolitical/staff/lucaanceschi/,Russia,Kazakhstan; Turkmenistan; Uzbekistan
"Armstrong, Professor Sarah",https://www.gla.ac.uk/schools/socialpolitical/staff/saraharmstrong/,North America,United States
"Atal, Dr Maha Rafi",https://www.gla.ac.uk/schools/socialpolitical/staff/maharafiatal/,Europe,
"Avsar, Dr Erdem",https://www.gla.ac.uk/schools/socialpolitical/staff/erdemavsar/,Europe,France; Germany; Italy
"Avsar, Dr Erdem",https://www.gla.ac.uk/schools/socialpolitical/staff/erdemavsar/,Middle East,Turkey
"Back, Professor Les",https://www.gla.ac.uk/schools/socialpolitical/staff/lesback/,Australasia,Australia
"Back, Professor Les",https://www.gla.ac.uk/schools/socialpolitical/staff/lesback/,Europe,Austria; Finland; France; Germany; Norway; Portugal; Sweden
"Back, Professor Les",https://www.gla.ac.uk/schools/socialpolitical/staff/lesback/,Latin America,Brazil
"Back, Professor Les",https://www.gla.ac.uk/schools/socialpolitical/staff/lesback/,North-East Asia,Japan
"Banderlipe, Mr McRhon",https://www.gla.ac.uk/schools/socialpolitical/staff/mcronaldibanderlipe/,East Africa,Ethiopia
"Banderlipe, Mr McRhon",https://www.gla.ac.uk/schools/socialpolitical/staff/mcronaldibanderlipe/,North-East Asia,Japan
"Banderlipe, Mr McRhon",https://www.gla.ac.uk/schools/socialpolitical/staff/mcronaldibanderlipe/,Russia,
"Banderlipe, Mr McRhon",https://www.gla.ac.uk/schools/socialpolitical/staff/mcronaldibanderlipe/,South Asia,India; Sri Lanka
"Banderlipe, Mr McRhon",https://www.gla.ac.uk/schools/socialpolitical/staff/mcronaldibanderlipe/,South-East Asia,Philippines; Singapore; Thailand; Vietnam
"Bankov, Dr Petar",https://www.gla.ac.uk/schools/socialpolitical/staff/petarbankov/,Europe,Bulgaria
"Barlow, Dr Matt",https://www.gla.ac.uk/schools/socialpolitical/staff/matthewbarlow/,Europe,
"Barlow, Dr Matt",https://www.gla.ac.uk/schools/socialpolitical/staff/matthewbarlow/,Latin America,Argentina
"Batchelor, Dr Susan",https://www.gla.ac.uk/schools/socialpolitical/staff/susanbatchelor/,Middle East,
"Bayer, Professor Patrick",https://www.gla.ac.uk/schools/socialpolitical/staff/patrickbayer/,Latin America,
"Bell, Professor Karen",https://www.gla.ac.uk/schools/socialpolitical/staff/karenbell/,China,China
"Bell, Professor Karen",https://www.gla.ac.uk/schools/socialpolitical/staff/karenbell/,Europe,Sweden
"Bell, Professor Karen",https://www.gla.ac.uk/schools/socialpolitical/staff/karenbell/,Latin America,Bolivia; Cuba
"Bell, Professor Karen",https://www.gla.ac.uk/schools/socialpolitical/staff/karenbell/,North-East Asia,South Korea
"Benghellab, Dr Karolina",https://www.gla.ac.uk/schools/socialpolitical/staff/karolinaaugustova/,Europe,Bosnia; Czechia; Serbia; Ukraine
"Benghellab, Dr Karolina",https://www.gla.ac.uk/schools/socialpolitical/staff/karolinaaugustova/,Middle East,Lebanon; Turkey
"Benghellab, Dr Karolina",https://www.gla.ac.uk/schools/socialpolitical/staff/karolinaaugustova/,South Asia,Afghanistan
"Berg, Dr Julie",https://www.gla.ac.uk/schools/socialpolitical/staff/julieberg/,Middle East,
"Berg, Dr Julie",https://www.gla.ac.uk/schools/socialpolitical/staff/julieberg/,Southern Africa,South Africa
"Bernard, Dr Sara",https://www.gla.ac.uk/schools/socialpolitical/staff/sarabernard/,Europe,
"Berry, Professor Christopher",https://www.gla.ac.uk/schools/socialpolitical/staff/christopherberry/,China,China
"Berry, Professor Christopher",https://www.gla.ac.uk/schools/socialpolitical/staff/christopherberry/,North-East Asia,Japan
"Berry, Professor Richard",https://www.gla.ac.uk/schools/socialpolitical/staff/richardberry/,Europe,
"Beveridge, Dr Ross",https://www.gla.ac.uk/schools/socialpolitical/staff/rossbeveridge/,Europe,Germany
"Beyad, Dr Mehdi",https://www.gla.ac.uk/schools/socialpolitical/staff/mohammedbeyad/,Middle East,Iran; Iraq; Israel; Palestine; Palestinian
"Biggar, Dr Blair",https://www.gla.ac.uk/schools/socialpolitical/staff/blairbiggar/,Europe,
"Bishop, Dr Ellen",https://www.gla.ac.uk/schools/socialpolitical/staff/ellenbishop/,Europe,
"Bochorishvili, Dr Anna",https://www.gla.ac.uk/schools/socialpolitical/staff/annabochorishvili/,Europe,Georgia
"Brooks, Professor Oona",https://www.gla.ac.uk/schools/socialpolitical/staff/oonabrooks/,Europe,
"Bunn, Professor Christopher",https://www.gla.ac.uk/schools/socialpolitical/staff/christopherbunn/,East Africa,Tanzania
"Bunn, Professor Christopher",https://www.gla.ac.uk/schools/socialpolitical/staff/christopherbunn/,Southern Africa,Malawi
"Bunn, Professor Christopher",https://www.gla.ac.uk/schools/socialpolitical/staff/christopherbunn/,West Africa,Ghana
"Bunt-MacRury, Dr Laura",https://www.gla.ac.uk/schools/socialpolitical/staff/laurabuntmacrury/,Latin America,Peru
"Bunt-MacRury, Dr Laura",https://www.gla.ac.uk/schools/socialpolitical/staff/laurabuntmacrury/,North America,United States
"Burman, Professor Michele",https://www.gla.ac.uk/schools/socialpolitical/staff/micheleburman/,Europe,
"Burman, Professor Michele",https://www.gla.ac.uk/schools/socialpolitical/staff/micheleburman/,South-East Asia,Burma
"Burns, Dr Nicola",https://www.gla.ac.uk/schools/socialpolitical/staff/nicolaburns/,Europe,
"Butler McIntosh, Professor Eamonn",https://www.gla.ac.uk/schools/socialpolitical/staff/eamonnbutler/,Europe,
"Calori, Dr Anna",https://www.gla.ac.uk/schools/socialpolitical/staff/annacalori/,Europe,Austria
"Calori, Dr Anna",https://www.gla.ac.uk/schools/socialpolitical/staff/annacalori/,Latin America,Cuba
"Calori, Dr Anna",https://www.gla.ac.uk/schools/socialpolitical/staff/annacalori/,Southern Africa,Zambia
"Carbone, Professor Maurizio",https://www.gla.ac.uk/schools/socialpolitical/staff/mauriziocarbone/,Australasia,New Zealand
"Carbone, Professor Maurizio",https://www.gla.ac.uk/schools/socialpolitical/staff/mauriziocarbone/,Europe,Belgium; Italy
"Carbone, Professor Maurizio",https://www.gla.ac.uk/schools/socialpolitical/staff/mauriziocarbone/,Southern Africa,South Africa
"Carman, Professor Christopher",https://www.gla.ac.uk/schools/socialpolitical/staff/christophercarman/,Europe,
"Carman, Professor Christopher",https://www.gla.ac.uk/schools/socialpolitical/staff/christophercarman/,North America,United States
"Cassie, Dr Nicole",https://www.gla.ac.uk/schools/socialpolitical/staff/nicolecassie/,Europe,
"Cassie, Dr Nicole",https://www.gla.ac.uk/schools/socialpolitical/staff/nicolecassie/,Russia,
"Cassie, Dr Nicole",https://www.gla.ac.uk/schools/socialpolitical/staff/nicolecassie/,South-East Asia,Vietnam
"Cator, Dr Charlotte",https://www.gla.ac.uk/schools/socialpolitical/staff/charlottecator/,Europe,
"Cator, Dr Charlotte",https://www.gla.ac.uk/schools/socialpolitical/staff/charlottecator/,Latin America,Mexico
"Cheskin, Dr Ammon",https://www.gla.ac.uk/schools/socialpolitical/staff/ammoncheskin/,Europe,Latvia; Ukraine
"Cheskin, Dr Ammon",https://www.gla.ac.uk/schools/socialpolitical/staff/ammoncheskin/,Russia,Russia
"Chou, Ms Jean Tzu-Yin",https://www.gla.ac.uk/schools/socialpolitical/staff/jeantzuyinchou/,Australasia,New Zealand
"Chou, Ms Jean Tzu-Yin",https://www.gla.ac.uk/schools/socialpolitical/staff/jeantzuyinchou/,China,Taiwan
"Chou, Ms Jean Tzu-Yin",https://www.gla.ac.uk/schools/socialpolitical/staff/jeantzuyinchou/,Europe,Germany; Netherlands
"Chou, Ms Jean Tzu-Yin",https://www.gla.ac.uk/schools/socialpolitical/staff/jeantzuyinchou/,North-East Asia,Japan
"Chou, Ms Jean Tzu-Yin",https://www.gla.ac.uk/schools/socialpolitical/staff/jeantzuyinchou/,South Asia,India
"Chou, Ms Jean Tzu-Yin",https://www.gla.ac.uk/schools/socialpolitical/staff/jeantzuyinchou/,South-East Asia,Singapore
"Clark, Dr Hannah-Louise",https://www.gla.ac.uk/schools/socialpolitical/staff/hannah-louiseclark/,Europe,France
"Clark, Dr Hannah-Louise",https://www.gla.ac.uk/schools/socialpolitical/staff/hannah-louiseclark/,Middle East,Lebanon
"Clark, Dr Hannah-Louise",https://www.gla.ac.uk/schools/socialpolitical/staff/hannah-louiseclark/,North Africa,Algeria; Egypt; Morocco
"Clark, Dr Hannah-Louise",https://www.gla.ac.uk/schools/socialpolitical/staff/hannah-louiseclark/,North America,United States
"Creed, Dr Fabiola",https://www.gla.ac.uk/schools/socialpolitical/staff/fabiolacreed/,China,China
"Crilley, Dr Rhys",https://www.gla.ac.uk/schools/socialpolitical/staff/rhyscrilley/,Russia,Russia
"Cross, Professor Jamie",https://www.gla.ac.uk/schools/socialpolitical/staff/jamiecross/,East Africa,Tanzania
"Cross, Professor Jamie",https://www.gla.ac.uk/schools/socialpolitical/staff/jamiecross/,South Asia,India; Nepal
"Cross, Professor Jamie",https://www.gla.ac.uk/schools/socialpolitical/staff/jamiecross/,West Africa,Burkina Faso
"Cullingworth, Dr Jane",https://www.gla.ac.uk/schools/socialpolitical/staff/janecullingworth/,North America,Canada
"Davis, Dr Alicia",https://www.gla.ac.uk/schools/socialpolitical/staff/aliciadavis/,East Africa,Tanzania
"Davis, Dr Alicia",https://www.gla.ac.uk/schools/socialpolitical/staff/aliciadavis/,Latin America,
"Dekalchuk, Dr Anna",https://www.gla.ac.uk/schools/socialpolitical/staff/annadekalchuk/,Europe,
"Dingli, Dr Sophia",https://www.gla.ac.uk/schools/socialpolitical/staff/sophiadingli/,Middle East,Yemen
"Duckett, Professor Jane",https://www.gla.ac.uk/schools/socialpolitical/staff/janeduckett/,China,China; Hong Kong
"Duckett, Professor Jane",https://www.gla.ac.uk/schools/socialpolitical/staff/janeduckett/,Europe,
"Duckett, Professor Jane",https://www.gla.ac.uk/schools/socialpolitical/staff/janeduckett/,North-East Asia,
"Duncan, Professor Jane",https://www.gla.ac.uk/schools/socialpolitical/staff/janeduncan/,Southern Africa,Botswana; South Africa
"Elliot, Dr Rosemary",https://www.gla.ac.uk/schools/socialpolitical/staff/rosemaryelliot/,Europe,Germany
"Faude, Dr Benjamin",https://www.gla.ac.uk/schools/socialpolitical/staff/benjaminfaude/,Europe,Germany
"Fear, Professor Jeffrey",https://www.gla.ac.uk/schools/socialpolitical/staff/jeffreyfear/,Europe,Germany
"Fedirko, Dr Taras",https://www.gla.ac.uk/schools/socialpolitical/staff/tarasfedirko/,Europe,Germany; Ukraine
"Fedirko, Dr Taras",https://www.gla.ac.uk/schools/socialpolitical/staff/tarasfedirko/,Russia,Russia
"Ferguson, Dr Angus",https://www.gla.ac.uk/schools/socialpolitical/staff/angusferguson/,Middle East,
"Florea, Dr Adrian",https://www.gla.ac.uk/schools/socialpolitical/staff/adrianflorea/,Europe,Cyprus
"Florea, Dr Adrian",https://www.gla.ac.uk/schools/socialpolitical/staff/adrianflorea/,North Africa,Western Sahara
"Florea, Dr Adrian",https://www.gla.ac.uk/schools/socialpolitical/staff/adrianflorea/,South Asia,India
"Fontana, Dr Lorenza",https://www.gla.ac.uk/schools/socialpolitical/staff/lorenzafontana/,Latin America,Bolivia
"Fontana, Dr Lorenza",https://www.gla.ac.uk/schools/socialpolitical/staff/lorenzafontana/,Russia,
"Fowler, Professor Bridget",https://www.gla.ac.uk/schools/socialpolitical/staff/bridgetfowler/,Europe,
"Fraser, Professor Alistair",https://www.gla.ac.uk/schools/socialpolitical/staff/alistairfraser/,China,Hong Kong
"Fraser, Professor Alistair",https://www.gla.ac.uk/schools/socialpolitical/staff/alistairfraser/,Middle East,
"Gamalaldin, Dr Yahya",https://www.gla.ac.uk/schools/socialpolitical/staff/yahyagamalaldin/,North Africa,
"Gawlewicz, Dr Anna",https://www.gla.ac.uk/schools/socialpolitical/staff/annagawlewicz/,Europe,France; Poland
"Gherghina, Professor Sergiu",https://www.gla.ac.uk/schools/socialpolitical/staff/sergiugherghina/,Europe,
"Gibb, Dr Robert",https://www.gla.ac.uk/schools/socialpolitical/staff/robertgibb/,Europe,Bulgaria; France
"Gibb, Professor Ken",https://www.gla.ac.uk/schools/socialpolitical/staff/kennethgibb/,Australasia,Australia
"Gibb, Professor Ken",https://www.gla.ac.uk/schools/socialpolitical/staff/kennethgibb/,Europe,Ireland
"Gibbs, Dr Ewan",https://www.gla.ac.uk/schools/socialpolitical/staff/ewangibbs/,Europe,Ireland
"Gibbs, Dr Ewan",https://www.gla.ac.uk/schools/socialpolitical/staff/ewangibbs/,Middle East,
"Gillies, Dr Allan",https://www.gla.ac.uk/schools/socialpolitical/staff/allangillies/,Latin America,Bolivia; Colombia
"Gillies, Dr Allan",https://www.gla.ac.uk/schools/socialpolitical/staff/allangillies/,Middle East,
"Grek, Professor Sotiria",https://www.gla.ac.uk/schools/socialpolitical/staff/sotiriagrek/,Europe,
"Happer, Professor Catherine",https://www.gla.ac.uk/schools/socialpolitical/staff/catherinehapper/,Latin America,
"Hardman, Dr Helen",https://www.gla.ac.uk/schools/socialpolitical/staff/helenhardman/,Europe,
"Havercroft, Professor Jonathan",https://www.gla.ac.uk/schools/socialpolitical/staff/jonathanhavercroft/,Latin America,Brazil
"Havercroft, Professor Jonathan",https://www.gla.ac.uk/schools/socialpolitical/staff/jonathanhavercroft/,North America,Canada; United States
"Head, Professor Naomi",https://www.gla.ac.uk/schools/socialpolitical/staff/naomihead/,Europe,Germany; Kosovo
"Head, Professor Naomi",https://www.gla.ac.uk/schools/socialpolitical/staff/naomihead/,Middle East,Iraq; Israel; Palestine
"Head, Professor Naomi",https://www.gla.ac.uk/schools/socialpolitical/staff/naomihead/,South Asia,Afghanistan
"Heaney, Dr Michael",https://www.gla.ac.uk/schools/socialpolitical/staff/michaelheaney/,North America,United States
"Hinde, Dr Dominic",https://www.gla.ac.uk/schools/socialpolitical/staff/dominichinde/,Europe,Sweden
"Hoolachan, Dr Andrew",https://www.gla.ac.uk/schools/socialpolitical/staff/andrewhoolachan/,Europe,
"Hossain, Dr Adnan",https://www.gla.ac.uk/schools/socialpolitical/staff/adnanhossain/,Europe,
"Hossain, Dr Adnan",https://www.gla.ac.uk/schools/socialpolitical/staff/adnanhossain/,Latin America,Trinidad
"Hossain, Dr Adnan",https://www.gla.ac.uk/schools/socialpolitical/staff/adnanhossain/,South Asia,Bangladesh; India; Pakistan
"Hume, Professor Mo",https://www.gla.ac.uk/schools/socialpolitical/staff/mohume/,Europe,
"Hume, Professor Mo",https://www.gla.ac.uk/schools/socialpolitical/staff/mohume/,Latin America,Colombia; El Salvador
"Humphrey, Dr Harvey",https://www.gla.ac.uk/schools/socialpolitical/staff/harveyhumphrey/,Australasia,Australia
"Humphrey, Dr Harvey",https://www.gla.ac.uk/schools/socialpolitical/staff/harveyhumphrey/,Europe,Malta
"Hunter, Dr Benjamin",https://www.gla.ac.uk/schools/socialpolitical/staff/benjaminhunter/,China,China
"Hunter, Dr Benjamin",https://www.gla.ac.uk/schools/socialpolitical/staff/benjaminhunter/,South Asia,India
"Ietter, Dr Salome",https://www.gla.ac.uk/schools/socialpolitical/staff/salomeietter/,Europe,France
"Inch, Professor Andy",https://www.gla.ac.uk/schools/socialpolitical/staff/andyinch/,Europe,
Ioana Cerasella Chis,https://www.gla.ac.uk/schools/socialpolitical/staff/ioanacerasellachis/,Europe,
"Ivana, Dr Greti-Iulia",https://www.gla.ac.uk/schools/socialpolitical/staff/greti-iuliaivana/,Europe,
"Ivashinenko, Dr Nina",https://www.gla.ac.uk/schools/socialpolitical/staff/ninaivashinenko/,Europe,
"Ivashinenko, Dr Nina",https://www.gla.ac.uk/schools/socialpolitical/staff/ninaivashinenko/,Russia,Russia
"James, Dr Gareth",https://www.gla.ac.uk/schools/socialpolitical/staff/garethjames/,Southern Africa,Zimbabwe
"Johnstone, Dr Andrew",https://www.gla.ac.uk/schools/socialpolitical/staff/andrewjohnstone/,Europe,
"Johnstone, Dr Andrew",https://www.gla.ac.uk/schools/socialpolitical/staff/andrewjohnstone/,North-East Asia,Japan
"Joss, Professor Simon",https://www.gla.ac.uk/schools/socialpolitical/staff/simonjoss/,Europe,Switzerland
"Kaczmarski, Dr Marcin",https://www.gla.ac.uk/schools/socialpolitical/staff/marcinkaczmarski/,China,China; Taiwan
"Kaczmarski, Dr Marcin",https://www.gla.ac.uk/schools/socialpolitical/staff/marcinkaczmarski/,Europe,Finland
"Kaczmarski, Dr Marcin",https://www.gla.ac.uk/schools/socialpolitical/staff/marcinkaczmarski/,North-East Asia,Japan
"Kaczmarski, Dr Marcin",https://www.gla.ac.uk/schools/socialpolitical/staff/marcinkaczmarski/,Russia,Russia
"Kamete, Professor Amin",https://www.gla.ac.uk/schools/socialpolitical/staff/aminkamete/,Europe,Sweden
"Kamete, Professor Amin",https://www.gla.ac.uk/schools/socialpolitical/staff/aminkamete/,Southern Africa,Zimbabwe
"Kamete, Professor Amin",https://www.gla.ac.uk/schools/socialpolitical/staff/aminkamete/,West Africa,
"Karyotis, Professor Georgios",https://www.gla.ac.uk/schools/socialpolitical/staff/georgioskaryotis/,Europe,Greece
"Kintrea, Professor Keith",https://www.gla.ac.uk/schools/socialpolitical/staff/keithkintrea/,Europe,
"Kirby, Dr Nikolas",https://www.gla.ac.uk/schools/socialpolitical/staff/nikolaskirby/,Australasia,Australia
"Knight, Dr Carl",https://www.gla.ac.uk/schools/socialpolitical/staff/carlknight/,Latin America,
"Kollman, Professor Kelly",https://www.gla.ac.uk/schools/socialpolitical/staff/kellykollman/,Europe,
"Kollman, Professor Kelly",https://www.gla.ac.uk/schools/socialpolitical/staff/kellykollman/,North America,United States
"Langer, Professor Ana Ines",https://www.gla.ac.uk/schools/socialpolitical/staff/anaineslanger/,China,China
"Langer, Professor Ana Ines",https://www.gla.ac.uk/schools/socialpolitical/staff/anaineslanger/,Europe,Germany
"Langer, Professor Ana Ines",https://www.gla.ac.uk/schools/socialpolitical/staff/anaineslanger/,Latin America,Argentina
"Lavery, Dr Scott",https://www.gla.ac.uk/schools/socialpolitical/staff/scottlavery/,Europe,
"Lefevre, Dr Catherine",https://www.gla.ac.uk/schools/socialpolitical/staff/catherinelefevre/,Europe,
"Liu, Dr Pengyuan",https://www.gla.ac.uk/schools/socialpolitical/staff/pengyuanliu/,China,
"Liu, Dr Pengyuan",https://www.gla.ac.uk/schools/socialpolitical/staff/pengyuanliu/,Europe,
"Liu, Dr Pengyuan",https://www.gla.ac.uk/schools/socialpolitical/staff/pengyuanliu/,South-East Asia,Singapore
"Livingstone, Professor Nicola",https://www.gla.ac.uk/schools/socialpolitical/staff/nicolalivingstone/,Europe,
"Liñeira, Dr Robert",https://www.gla.ac.uk/schools/socialpolitical/staff/robertlineira/,Europe,
"Loader, Dr Michael",https://www.gla.ac.uk/schools/socialpolitical/staff/michaelloader/,Europe,Latvia; Sweden
"Loader, Dr Michael",https://www.gla.ac.uk/schools/socialpolitical/staff/michaelloader/,Russia,Russia
"Lowton, Dr Zubeida",https://www.gla.ac.uk/schools/socialpolitical/staff/zubeidalowton/,Southern Africa,South Africa
"Mabweazara, Dr Hayes",https://www.gla.ac.uk/schools/socialpolitical/staff/hayesmabweazara/,Southern Africa,South Africa; Zimbabwe
"Machold, Dr Rhys",https://www.gla.ac.uk/schools/socialpolitical/staff/rhysmachold/,Middle East,Israel; Palestine
"Machold, Dr Rhys",https://www.gla.ac.uk/schools/socialpolitical/staff/rhysmachold/,North America,Canada
"Machold, Dr Rhys",https://www.gla.ac.uk/schools/socialpolitical/staff/rhysmachold/,South Asia,India
"Mack, Mr Colin",https://www.gla.ac.uk/schools/socialpolitical/staff/colinmack/,Europe,Ireland
"Madgin, Professor Rebecca",https://www.gla.ac.uk/schools/socialpolitical/staff/rebeccamadgin/,China,China
"Mah, Professor Alice",https://www.gla.ac.uk/schools/socialpolitical/staff/alicemah/,Europe,
"Malara, Dr Diego Maria",https://www.gla.ac.uk/schools/socialpolitical/staff/diegomariamalara/,Australasia,Australia
"Malara, Dr Diego Maria",https://www.gla.ac.uk/schools/socialpolitical/staff/diegomariamalara/,East Africa,Ethiopia
"Martin, Dr Laura",https://www.gla.ac.uk/schools/socialpolitical/staff/lauramartin/,East Africa,Kenya
"Martin, Dr Laura",https://www.gla.ac.uk/schools/socialpolitical/staff/lauramartin/,Southern Africa,Mozambique; South Africa
"Martin, Dr Laura",https://www.gla.ac.uk/schools/socialpolitical/staff/lauramartin/,West Africa,Sierra Leone
"McCandlish, Dr Alison",https://www.gla.ac.uk/schools/socialpolitical/staff/alisonmccandlish/,Europe,
"McManus, Professor Clare",https://www.gla.ac.uk/schools/socialpolitical/staff/claremcmanus/,Europe,Poland
"McNeill, Professor Fergus",https://www.gla.ac.uk/schools/socialpolitical/staff/fergusmcneill/,Europe,
"Meth, Professor Paula",https://www.gla.ac.uk/schools/socialpolitical/staff/paulameth/,East Africa,Ethiopia; Kenya; Somalia
"Meth, Professor Paula",https://www.gla.ac.uk/schools/socialpolitical/staff/paulameth/,South Asia,India
"Meth, Professor Paula",https://www.gla.ac.uk/schools/socialpolitical/staff/paulameth/,Southern Africa,South Africa
"Meth, Professor Paula",https://www.gla.ac.uk/schools/socialpolitical/staff/paulameth/,West Africa,Niger; Nigeria; Sierra Leone
"Miller, Dr Christopher",https://www.gla.ac.uk/schools/socialpolitical/staff/christophermiller/,Europe,Finland; Germany
"Mirza, Dr Nughmana",https://www.gla.ac.uk/schools/socialpolitical/staff/nughmanamirza/,Middle East,
"Mirza, Dr Nughmana",https://www.gla.ac.uk/schools/socialpolitical/staff/nughmanamirza/,South Asia,
"Mulvey, Dr Gareth",https://www.gla.ac.uk/schools/socialpolitical/staff/garethmulvey/,Middle East,Syria
"Munro, Dr Neil",https://www.gla.ac.uk/schools/socialpolitical/staff/neilmunro/,China,China
"Munro, Dr Neil",https://www.gla.ac.uk/schools/socialpolitical/staff/neilmunro/,Russia,Russia
"Naha, Dr Souvik",https://www.gla.ac.uk/schools/socialpolitical/staff/souviknaha/,South Asia,India; Pakistan
"Nair, Dr Shalini",https://www.gla.ac.uk/schools/socialpolitical/staff/shalininair/,South Asia,India
"Nyamunda, Dr Tinashe",https://www.gla.ac.uk/schools/socialpolitical/staff/tinashenyamunda/,North America,United States
"Nyamunda, Dr Tinashe",https://www.gla.ac.uk/schools/socialpolitical/staff/tinashenyamunda/,North-East Asia,Japan
"Nyamunda, Dr Tinashe",https://www.gla.ac.uk/schools/socialpolitical/staff/tinashenyamunda/,Southern Africa,South Africa; Zimbabwe
"O'Neill, Dr Erica",https://www.gla.ac.uk/schools/socialpolitical/staff/ericaoneill/,Australasia,Australia
"O'Neill, Dr Erica",https://www.gla.ac.uk/schools/socialpolitical/staff/ericaoneill/,Europe,
"Oyedokun, Dr Tunbosun",https://www.gla.ac.uk/schools/socialpolitical/staff/tunbosunoyedokun/,Europe,
"Oyedokun, Dr Tunbosun",https://www.gla.ac.uk/schools/socialpolitical/staff/tunbosunoyedokun/,West Africa,Niger; Nigeria
"Pantoliano, Dr Carolina",https://www.gla.ac.uk/schools/socialpolitical/staff/carolinapantoliano/,Australasia,
"Pardos-Prado, Professor Sergi",https://www.gla.ac.uk/schools/socialpolitical/staff/sergipardosprado/,Europe,
"Pasura, Dr Dominic",https://www.gla.ac.uk/schools/socialpolitical/staff/dominicpasura/,Southern Africa,South Africa; Zimbabwe
"Pasura, Dr Dominic",https://www.gla.ac.uk/schools/socialpolitical/staff/dominicpasura/,West Africa,Niger; Nigeria
"Pattaro, Dr Serena",https://www.gla.ac.uk/schools/socialpolitical/staff/serenapattaro/,Europe,
"Paxton, Dr Fred",https://www.gla.ac.uk/schools/socialpolitical/staff/fredpaxton/,Europe,Italy
"Peace, Dr Timothy",https://www.gla.ac.uk/schools/socialpolitical/staff/timothypeace/,Europe,France; Italy
"Pearson, Dr Bethia",https://www.gla.ac.uk/schools/socialpolitical/staff/bethiapearson/,Latin America,Uruguay
"Perazzone, Dr Stephanie",https://www.gla.ac.uk/schools/socialpolitical/staff/stephanieperazzone/,Europe,
"Perazzone, Dr Stephanie",https://www.gla.ac.uk/schools/socialpolitical/staff/stephanieperazzone/,West Africa,Ivory Coast
"Picker, Dr Giovanni",https://www.gla.ac.uk/schools/socialpolitical/staff/giovannipicker/,Europe,France; Germany; Italy; Kosovo; Romania
"Picker, Dr Giovanni",https://www.gla.ac.uk/schools/socialpolitical/staff/giovannipicker/,Middle East,
"Pickering, Dr Lucy",https://www.gla.ac.uk/schools/socialpolitical/staff/lucypickering/,East Africa,Uganda
"Porto de Albuquerque, Professor Joao",https://www.gla.ac.uk/schools/socialpolitical/staff/joaoportodealbuquerque/,Australasia,Australia
"Porto de Albuquerque, Professor Joao",https://www.gla.ac.uk/schools/socialpolitical/staff/joaoportodealbuquerque/,East Africa,Kenya
"Porto de Albuquerque, Professor Joao",https://www.gla.ac.uk/schools/socialpolitical/staff/joaoportodealbuquerque/,Europe,Germany; Poland; Romania; Sweden
"Porto de Albuquerque, Professor Joao",https://www.gla.ac.uk/schools/socialpolitical/staff/joaoportodealbuquerque/,Latin America,Brazil; Colombia
"Porto de Albuquerque, Professor Joao",https://www.gla.ac.uk/schools/socialpolitical/staff/joaoportodealbuquerque/,North America,United States
"Porto de Albuquerque, Professor Joao",https://www.gla.ac.uk/schools/socialpolitical/staff/joaoportodealbuquerque/,South Asia,Bangladesh; Pakistan
"Porto de Albuquerque, Professor Joao",https://www.gla.ac.uk/schools/socialpolitical/staff/joaoportodealbuquerque/,West Africa,Ghana; Niger; Nigeria
"Prina, Dr Federica",https://www.gla.ac.uk/schools/socialpolitical/staff/federicaprina/,Europe,
"Prina, Dr Federica",https://www.gla.ac.uk/schools/socialpolitical/staff/federicaprina/,Russia,Russia; Russian Federation
"Ranford-Robinson, Dr Corey",https://www.gla.ac.uk/schools/socialpolitical/staff/coreyranfordrobinson/,North America,Canada
"Rao, Mr Rohit",https://www.gla.ac.uk/schools/socialpolitical/staff/rohitrao/,Australasia,Australia
"Rao, Mr Rohit",https://www.gla.ac.uk/schools/socialpolitical/staff/rohitrao/,Latin America,
"Reilly, Dr Paul",https://www.gla.ac.uk/schools/socialpolitical/staff/paulreilly/,Europe,France; Ireland
"Reinsberg, Professor Bernhard",https://www.gla.ac.uk/schools/socialpolitical/staff/bernhardreinsberg/,Europe,
"Robinson, Professor Jude",https://www.gla.ac.uk/schools/socialpolitical/staff/juderobinson/,East Africa,Kenya
"Robinson, Professor Jude",https://www.gla.ac.uk/schools/socialpolitical/staff/juderobinson/,Latin America,
"Rollings, Professor Neil",https://www.gla.ac.uk/schools/socialpolitical/staff/neilrollings/,Europe,
"Saab, Dr Jade",https://www.gla.ac.uk/schools/socialpolitical/staff/jadesaab/,North Africa,
"Sande, Dr Nomatter",https://www.gla.ac.uk/schools/socialpolitical/staff/nomattersande/,Southern Africa,South Africa; Zimbabwe
"Sarkar, Professor Jay",https://www.gla.ac.uk/schools/socialpolitical/staff/jayitasarkar/,Europe,
"Sarkar, Professor Jay",https://www.gla.ac.uk/schools/socialpolitical/staff/jayitasarkar/,North America,United States
"Sarkar, Professor Jay",https://www.gla.ac.uk/schools/socialpolitical/staff/jayitasarkar/,South Asia,India
"Sayfutdinova, Dr Leyla",https://www.gla.ac.uk/schools/socialpolitical/staff/leylasayfutdinova/,Europe,Azerbaijan; Finland
"Sayfutdinova, Dr Leyla",https://www.gla.ac.uk/schools/socialpolitical/staff/leylasayfutdinova/,Middle East,
"Sayfutdinova, Dr Leyla",https://www.gla.ac.uk/schools/socialpolitical/staff/leylasayfutdinova/,Russia,
"Scanlan, Dr Michael",https://www.gla.ac.uk/schools/socialpolitical/staff/michaelscanlan/,Europe,
"Schwarze, Dr Tilman",https://www.gla.ac.uk/schools/socialpolitical/staff/tilmanschwarze/,North America,United States
"Scrinzi, Dr Francesca",https://www.gla.ac.uk/schools/socialpolitical/staff/francescascrinzi/,Europe,France; Italy
"Searle, Dr Kenneth",https://www.gla.ac.uk/schools/socialpolitical/staff/kennethsearle/,China,
"Serin, Dr Bilge",https://www.gla.ac.uk/schools/socialpolitical/staff/bilgeserin/,Middle East,Turkey
"Smith, Dr Emiline",https://www.gla.ac.uk/schools/socialpolitical/staff/emilinesmith/,China,China; Hong Kong
"Smith, Dr Emiline",https://www.gla.ac.uk/schools/socialpolitical/staff/emilinesmith/,South Asia,Maldives; Nepal; Sri Lanka
"Smith, Dr Emiline",https://www.gla.ac.uk/schools/socialpolitical/staff/emilinesmith/,South-East Asia,Cambodia; Indonesia; Myanmar; Singapore; Thailand
"Smith, Professor Andrew",https://www.gla.ac.uk/schools/socialpolitical/staff/andrewsmith/,South Asia,India
"Smith, Professor Andrew",https://www.gla.ac.uk/schools/socialpolitical/staff/andrewsmith/,West Africa,Niger; Nigeria
"Smith, Professor David",https://www.gla.ac.uk/schools/socialpolitical/staff/davidsmith/,Europe,Estonia; Latvia
"Smith, Professor David",https://www.gla.ac.uk/schools/socialpolitical/staff/davidsmith/,Russia,Russia
"Snape, Dr Holly",https://www.gla.ac.uk/schools/socialpolitical/staff/hollysnape/,China,
"Snitar, Dr Corina",https://www.gla.ac.uk/schools/socialpolitical/staff/corinasnitar/,Europe,
"Snitar, Dr Corina",https://www.gla.ac.uk/schools/socialpolitical/staff/corinasnitar/,Russia,
"Soaita, Dr Adriana Mihaela",https://www.gla.ac.uk/schools/socialpolitical/staff/adrianamihaelasoaita/,Europe,Romania
"Soaita, Dr Adriana Mihaela",https://www.gla.ac.uk/schools/socialpolitical/staff/adrianamihaelasoaita/,South Asia,India
"Solomon, Professor Ty",https://www.gla.ac.uk/schools/socialpolitical/staff/tysolomon/,Europe,
"Spreckelsen, Dr Thees",https://www.gla.ac.uk/schools/socialpolitical/staff/theesspreckelsen/,Europe,
"Stella, Dr Francesca",https://www.gla.ac.uk/schools/socialpolitical/staff/francescastella/,Russia,Russia
"Stephens, Professor Mark",https://www.gla.ac.uk/schools/socialpolitical/staff/markstephens/,China,China
"Stephens, Professor Mark",https://www.gla.ac.uk/schools/socialpolitical/staff/markstephens/,Europe,Armenia; Finland; Serbia
"Sun, Dr Yu",https://www.gla.ac.uk/schools/socialpolitical/staff/yusun/,China,China
"Sun, Dr Yu",https://www.gla.ac.uk/schools/socialpolitical/staff/yusun/,Europe,Netherlands
"Sun, Dr Yu",https://www.gla.ac.uk/schools/socialpolitical/staff/yusun/,Latin America,
"Szakolczai, Dr Janos Mark",https://www.gla.ac.uk/schools/socialpolitical/staff/janosmarkszakolczai/,Middle East,
"Szostek, Dr Joanna",https://www.gla.ac.uk/schools/socialpolitical/staff/joannaszostek/,Europe,France; Ukraine
"Szostek, Dr Joanna",https://www.gla.ac.uk/schools/socialpolitical/staff/joannaszostek/,Russia,Russia
"Tapscott, Dr Rebecca",https://www.gla.ac.uk/schools/socialpolitical/staff/rebeccatapscott/,East Africa,Uganda
"Tapscott, Dr Rebecca",https://www.gla.ac.uk/schools/socialpolitical/staff/rebeccatapscott/,Europe,
"Tapscott, Dr Rebecca",https://www.gla.ac.uk/schools/socialpolitical/staff/rebeccatapscott/,West Africa,
"Thomas, Dr Linda",https://www.gla.ac.uk/schools/socialpolitical/staff/lindathomas/,Australasia,Australia; New Zealand
"Thomson, Professor Harriet",https://www.gla.ac.uk/schools/socialpolitical/staff/harrietthomson/,Europe,
"Thomson, Professor Harriet",https://www.gla.ac.uk/schools/socialpolitical/staff/harrietthomson/,Latin America,
"Thomson, Professor Harriet",https://www.gla.ac.uk/schools/socialpolitical/staff/harrietthomson/,Middle East,
"Toomey, Dr Michael",https://www.gla.ac.uk/schools/socialpolitical/staff/michaeltoomey/,Europe,Czechia; Hungary
"Tranmer, Professor Mark",https://www.gla.ac.uk/schools/socialpolitical/staff/marktranmer/,Australasia,Australia
"Tranmer, Professor Mark",https://www.gla.ac.uk/schools/socialpolitical/staff/marktranmer/,Europe,
"Trevena, Dr Paulina",https://www.gla.ac.uk/schools/socialpolitical/staff/paulinatrevena/,Europe,
"Tsakatika, Professor Myrto",https://www.gla.ac.uk/schools/socialpolitical/staff/myrtotsakatika/,Europe,Greece; Italy; Portugal; Spain
"Tsourapas, Professor Gerasimos",https://www.gla.ac.uk/schools/socialpolitical/staff/gerasimostsourapas/,Europe,
"Tsourapas, Professor Gerasimos",https://www.gla.ac.uk/schools/socialpolitical/staff/gerasimostsourapas/,Middle East,
"Tsourapas, Professor Gerasimos",https://www.gla.ac.uk/schools/socialpolitical/staff/gerasimostsourapas/,North Africa,Egypt
"Tsourapas, Professor Gerasimos",https://www.gla.ac.uk/schools/socialpolitical/staff/gerasimostsourapas/,South Asia,
"Tsouvalis, Dr Judith",https://www.gla.ac.uk/schools/socialpolitical/staff/judithtsouvalisgerber/,Europe,Sweden; Switzerland
"Udrea, Dr Andreea Monica",https://www.gla.ac.uk/schools/socialpolitical/staff/andreeamonicaudrea/,Europe,Hungary; Poland; Romania
"Ukhova, Dr Daria",https://www.gla.ac.uk/schools/socialpolitical/staff/dariaukhova/,Europe,
"Ukhova, Dr Daria",https://www.gla.ac.uk/schools/socialpolitical/staff/dariaukhova/,Latin America,Guatemala
"Ukhova, Dr Daria",https://www.gla.ac.uk/schools/socialpolitical/staff/dariaukhova/,Russia,Russia; Tajikistan
"Unkovski-Korica, Dr Vladimir",https://www.gla.ac.uk/schools/socialpolitical/staff/vladimirunkovski-korica/,Europe,Croatia; Kosovo
"Unkovski-Korica, Dr Vladimir",https://www.gla.ac.uk/schools/socialpolitical/staff/vladimirunkovski-korica/,Russia,Russia
"Vanatta, Dr Sean",https://www.gla.ac.uk/schools/socialpolitical/staff/seanvanatta/,Europe,Georgia
"Vanatta, Dr Sean",https://www.gla.ac.uk/schools/socialpolitical/staff/seanvanatta/,North America,United States
"Varga, Dr Zsuzsanna",https://www.gla.ac.uk/schools/socialpolitical/staff/zsuzsannavarga/,Europe,
"Verduzco-Torres, Dr Jose Rafael",https://www.gla.ac.uk/schools/socialpolitical/staff/joserafaelverduzcotorres/,Latin America,Mexico
"Virdee, Professor Satnam",https://www.gla.ac.uk/schools/socialpolitical/staff/satnamvirdee/,Europe,Spain
"Virdee, Professor Satnam",https://www.gla.ac.uk/schools/socialpolitical/staff/satnamvirdee/,Latin America,Brazil
"Vromen, Professor Ariadne",https://www.gla.ac.uk/schools/socialpolitical/staff/ariadnevromen/,Australasia,Australia; New Zealand
"Vromen, Professor Ariadne",https://www.gla.ac.uk/schools/socialpolitical/staff/ariadnevromen/,Europe,
"Waite, Dr David",https://www.gla.ac.uk/schools/socialpolitical/staff/davidwaite/,Australasia,
"Waites, Dr Matthew",https://www.gla.ac.uk/schools/socialpolitical/staff/matthewwaites/,Europe,Belgium; Switzerland
"Wang, Dr Hua",https://www.gla.ac.uk/schools/socialpolitical/staff/huawang/,China,China
"Webster, Dr David",https://www.gla.ac.uk/schools/socialpolitical/staff/davidwebster/,China,China
"Wedderburn, Dr Alister",https://www.gla.ac.uk/schools/socialpolitical/staff/alisterwedderburn/,Australasia,Australia
"Wedderburn, Dr Alister",https://www.gla.ac.uk/schools/socialpolitical/staff/alisterwedderburn/,Europe,
"Wessels, Professor Bridgette",https://www.gla.ac.uk/schools/socialpolitical/staff/bridgettewessels/,Australasia,Australia
"Wessels, Professor Bridgette",https://www.gla.ac.uk/schools/socialpolitical/staff/bridgettewessels/,Europe,
"Wessels, Professor Bridgette",https://www.gla.ac.uk/schools/socialpolitical/staff/bridgettewessels/,North-East Asia,
"Wessels, Professor Bridgette",https://www.gla.ac.uk/schools/socialpolitical/staff/bridgettewessels/,South-East Asia,
"Wessels, Professor Bridgette",https://www.gla.ac.uk/schools/socialpolitical/staff/bridgettewessels/,Southern Africa,
"White, Professor James",https://www.gla.ac.uk/schools/socialpolitical/staff/jameswhite/,North America,Canada
"White, Professor James",https://www.gla.ac.uk/schools/socialpolitical/staff/jameswhite/,North-East Asia,South Korea
"Winzler, Dr Tim",https://www.gla.ac.uk/schools/socialpolitical/staff/timwinzler/,Europe,Germany
"Winzler, Dr Tim",https://www.gla.ac.uk/schools/socialpolitical/staff/timwinzler/,North America,Canada
"Wong, Dr Mark",https://www.gla.ac.uk/schools/socialpolitical/staff/markwong/,Latin America,
"Wyke, Professor Sally",https://www.gla.ac.uk/schools/socialpolitical/staff/sallywyke/,Europe,Germany; Netherlands
"Yaffe, Professor Helen",https://www.gla.ac.uk/schools/socialpolitical/staff/helenyaffe/,Latin America,Cuba
"Yaffe, Professor Helen",https://www.gla.ac.uk/schools/socialpolitical/staff/helenyaffe/,Russia,
"Yaffe, Professor Helen",https://www.gla.ac.uk/schools/socialpolitical/staff/helenyaffe/,Southern Africa,South Africa
"Yao, Professor Jing",https://www.gla.ac.uk/schools/socialpolitical/staff/jingyao/,China,China
"Yao, Professor Jing",https://www.gla.ac.uk/schools/socialpolitical/staff/jingyao/,North America,United States
"Yin, Miss Yubo",https://www.gla.ac.uk/schools/socialpolitical/staff/yuboyin/,China,China
"Young, Dr Graeme",https://www.gla.ac.uk/schools/socialpolitical/staff/graemeyoung/,Southern Africa,
"Zhao, Professor Qunshan",https://www.gla.ac.uk/schools/socialpolitical/staff/qunshanzhao/,China,China
"Zhuang, Dr Liyuan",https://www.gla.ac.uk/schools/socialpolitical/staff/liyuanzhuang/,China,
"de Nadal Alsina, Dr Lluis",https://www.gla.ac.uk/schools/socialpolitical/staff/lluisdenadalalsina/,Europe,France
"de Nadal Alsina, Dr Lluis",https://www.gla.ac.uk/schools/socialpolitical/staff/lluisdenadalalsina/,Latin America,
